﻿<?xml version="1.0" encoding="utf-8" ?>

<scene>
  <camera>
    <position S0="3" S1="2" S2="4"/>
    <lookAt S0="-1" S1="0.5" S2="0"/>
  </camera>
  
  <plane offset="0">
    <normal S0="0" S1 ="1" S2="0"/>    
  </plane>
  <plane offset="3" surface="Sky">
    <normal S0="0" S1 ="-1" S2="0"/>
  </plane>

  <sphere radius="0.9">
    <position S0="-7.7" S1 ="2" S2="-2.7"/>
  </sphere>
  <sphere radius="0.9">
    <position S0="-9.7" S1 ="1" S2="-8.7"/>
  </sphere>
  <sphere radius="1" surface="TransparentAndShiny">
    <position S0="0" S1 ="1" S2="0"/>
  </sphere>
  <sphere radius="0.5">
    <position S0="-2.2" S1 ="1" S2="-1"/>
  </sphere>
  <sphere radius="0.5" surface="Wood">
    <position S0="-1" S1 ="0.5" S2="1.5"/>
  </sphere>
  <sphere radius="0.25">
    <position S0="0.5" S1 ="0.25" S2="1.5"/>
  </sphere>
  <sphere radius="0.20">
    <position S0="0" S1 ="0.2" S2="1.5"/>
  </sphere>

  <triangle surface="wood">
    <p1 S0="-5" S1="2" S2="-2.0"/>
    <p2 S0="-7" S1="2" S2="-2.0"/>
    <p3 S0="-7" S1="0" S2="-2.0"/>
  </triangle>

  <light>
    <position S0="0" S1="0.5" S2="5.5"/>
    <color R="0.4" G="0.4" B="0.4"/>
  </light>
  <light>
    <position S0="1.5" S1="2.5" S2="1.5"/>
    <color R="0.3" G="0.3" B="0.5"/>
  </light>
  <light>
    <position S0="1.5" S1="2.5" S2="-1.5"/>
    <color R="0.5" G="0.3" B="0.3"/>
  </light>
  <light>
    <position S0="0" S1="3.5" S2="0"/>
    <color R="0.3" G="0.5" B="0.3"/>
  </light>

  <sphere radius="0.25">
    <position S0="5.80657074731149" S1 ="0.5" S2="-15.9514192682465"/>
  </sphere>
  <sphere radius="0.25">
    <position S0="-5.32727987986397" S1 ="0.5" S2="16.1542662378188"/>
  </sphere>
  <sphere radius="0.25">
    <position S0="10.8684608414157" S1 ="0.5" S2="-19.2725763862359"/>
  </sphere>
  <sphere radius="0.25">
    <position S0="-12.8226589820453" S1 ="0.5" S2="2.09197261235303"/>
  </sphere>
  <sphere radius="0.25">
    <position S0="12.4485276348184" S1 ="0.5" S2="-14.0839494248312"/>
  </sphere>
  <sphere radius="0.25">
    <position S0="7.60633183298927" S1 ="0.5" S2="13.2343227454621"/>
  </sphere>
  <sphere radius="0.25">
    <position S0="-20.6273983910807" S1 ="0.5" S2="-21.8160609699861"/>
  </sphere>
  <sphere radius="0.25">
    <position S0="17.3644680727108" S1 ="0.5" S2="-14.8909227875485"/>
  </sphere>
  <sphere radius="0.25">
    <position S0="-1.44359628969971" S1 ="0.5" S2="-12.1762125925981"/>
  </sphere>
  <sphere radius="0.25">
    <position S0="-12.9932908285378" S1 ="0.5" S2="-24.8317246557361"/>
  </sphere>
  <sphere radius="0.25">
    <position S0="-7.99395881266983" S1 ="0.5" S2="20.0133559270824"/>
  </sphere>
  <sphere radius="0.25">
    <position S0="17.6140242687492" S1 ="0.5" S2="23.4312453998398"/>
  </sphere>
  <sphere radius="0.25">
    <position S0="-15.4855088984992" S1 ="0.5" S2="-0.302250951203634"/>
  </sphere>
  <sphere radius="0.25">
    <position S0="16.2339369027102" S1 ="0.5" S2="10.4958282017595"/>
  </sphere>
  <sphere radius="0.25">
    <position S0="-12.5817154243503" S1 ="0.5" S2="-5.6036573744396"/>
  </sphere>
  <sphere radius="0.25">
    <position S0="-16.3777448895284" S1 ="0.5" S2="0.990706671024999"/>
  </sphere>
  <sphere radius="0.25">
    <position S0="15.5838292513899" S1 ="0.5" S2="-9.90724630416708"/>
  </sphere>
  <sphere radius="0.25">
    <position S0="-17.5442550063805" S1 ="0.5" S2="3.05659180882228"/>
  </sphere>
  <sphere radius="0.25">
    <position S0="7.62618329963935" S1 ="0.5" S2="0.263601646415706"/>
  </sphere>
  <sphere radius="0.25">
    <position S0="-9.87841090414599" S1 ="0.5" S2="-18.0807190449353"/>
  </sphere>
  <sphere radius="0.25">
    <position S0="15.7401567980368" S1 ="0.5" S2="-8.3036592385283"/>
  </sphere>
  <sphere radius="0.25">
    <position S0="20.6641286591367" S1 ="0.5" S2="-13.8234155899023"/>
  </sphere>
  <sphere radius="0.25">
    <position S0="-22.037642051949" S1 ="0.5" S2="-1.03389156331955"/>
  </sphere>
  <sphere radius="0.25">
    <position S0="23.782461671523" S1 ="0.5" S2="-1.62813918508037"/>
  </sphere>
  <sphere radius="0.25">
    <position S0="8.8748476392938" S1 ="0.5" S2="16.3223384839121"/>
  </sphere>
  <sphere radius="0.25">
    <position S0="3.96560362026356" S1 ="0.5" S2="21.9969505895846"/>
  </sphere>
  <sphere radius="0.25">
    <position S0="-19.776141059015" S1 ="0.5" S2="13.0911191171459"/>
  </sphere>
  <sphere radius="0.25">
    <position S0="23.9359294525049" S1 ="0.5" S2="10.7932148202291"/>
  </sphere>
  <sphere radius="0.25">
    <position S0="-8.56544353699565" S1 ="0.5" S2="-3.75852527970379"/>
  </sphere>
  <sphere radius="0.25">
    <position S0="6.63977513631795" S1 ="0.5" S2="-13.8292882073807"/>
  </sphere>
  <sphere radius="0.25">
    <position S0="-10.5065132889461" S1 ="0.5" S2="1.68151281619515"/>
  </sphere>
  <sphere radius="0.25">
    <position S0="-10.3263119632966" S1 ="0.5" S2="-6.94781499074205"/>
  </sphere>
  <sphere radius="0.25">
    <position S0="-22.7062045353028" S1 ="0.5" S2="-18.3843748380357"/>
  </sphere>
  <sphere radius="0.25">
    <position S0="22.6504934940722" S1 ="0.5" S2="14.2798479130863"/>
  </sphere>
  <sphere radius="0.25">
    <position S0="20.7281940363944" S1 ="0.5" S2="-10.6921237361115"/>
  </sphere>
  <sphere radius="0.25">
    <position S0="2.48289391281218" S1 ="0.5" S2="23.2928020638846"/>
  </sphere>
  <sphere radius="0.25">
    <position S0="22.7021983115478" S1 ="0.5" S2="-19.9125717836025"/>
  </sphere>
  <sphere radius="0.25">
    <position S0="-15.571881453773" S1 ="0.5" S2="-24.6902995741415"/>
  </sphere>
  <sphere radius="0.25">
    <position S0="24.3492272679458" S1 ="0.5" S2="6.43743985865146"/>
  </sphere>
  <sphere radius="0.25">
    <position S0="20.4688874517888" S1 ="0.5" S2="10.5483826648204"/>
  </sphere>
  <sphere radius="0.25">
    <position S0="0.915287377273333" S1 ="0.5" S2="-7.13792391220942"/>
  </sphere>
  <sphere radius="0.25">
    <position S0="-23.3790194375343" S1 ="0.5" S2="-3.90405390826243"/>
  </sphere>
  <sphere radius="0.25">
    <position S0="15.4307390052968" S1 ="0.5" S2="-13.374695479113"/>
  </sphere>
  <sphere radius="0.25">
    <position S0="-4.23315226995999" S1 ="0.5" S2="-22.5072898657561"/>
  </sphere>
  <sphere radius="0.25">
    <position S0="-8.84317575667201" S1 ="0.5" S2="-3.33746982660958"/>
  </sphere>
  <sphere radius="0.25">
    <position S0="-13.3779646541821" S1 ="0.5" S2="-13.6152914206569"/>
  </sphere>
  <sphere radius="0.25">
    <position S0="18.6238265100978" S1 ="0.5" S2="-21.0491226967653"/>
  </sphere>
  <sphere radius="0.25">
    <position S0="17.4257942440108" S1 ="0.5" S2="-10.9413560181583"/>
  </sphere>
  <sphere radius="0.25">
    <position S0="-22.9773472752317" S1 ="0.5" S2="2.6119436498787"/>
  </sphere>
  <sphere radius="0.25">
    <position S0="-16.1172110545995" S1 ="0.5" S2="21.3467327860867"/>
  </sphere>
  <sphere radius="0.25">
    <position S0="1.31561494260822" S1 ="0.5" S2="-15.4973862415633"/>
  </sphere>
  <sphere radius="0.25">
    <position S0="2.64366677852518" S1 ="0.5" S2="-5.43302862459469"/>
  </sphere>
  <sphere radius="0.25">
    <position S0="-11.1605554289001" S1 ="0.5" S2="5.67280155637898"/>
  </sphere>
  <sphere radius="0.25">
    <position S0="24.2947522780368" S1 ="0.5" S2="-24.8635692754125"/>
  </sphere>
  <sphere radius="0.25">
    <position S0="3.6630005709189" S1 ="0.5" S2="23.6262290266465"/>
  </sphere>
  <sphere radius="0.25">
    <position S0="11.4439875522833" S1 ="0.5" S2="9.99711660435289"/>
  </sphere>
  <sphere radius="0.25">
    <position S0="0.77258726850738" S1 ="0.5" S2="21.0913924714976"/>
  </sphere>
  <sphere radius="0.25">
    <position S0="10.255424415346" S1 ="0.5" S2="21.6314106232633"/>
  </sphere>
  <sphere radius="0.25">
    <position S0="0.0605322537294284" S1 ="0.5" S2="18.5777419449658"/>
  </sphere>
  <sphere radius="0.25">
    <position S0="2.62144600396112" S1 ="0.5" S2="15.6684909438102"/>
  </sphere>
  <sphere radius="0.25">
    <position S0="10.8487774319243" S1 ="0.5" S2="20.1577833598283"/>
  </sphere>
  <sphere radius="0.25">
    <position S0="-1.87697633024164" S1 ="0.5" S2="-0.934336136995972"/>
  </sphere>
  <sphere radius="0.25">
    <position S0="-22.3141590819294" S1 ="0.5" S2="-8.90181466653096"/>
  </sphere>
  <sphere radius="0.25">
    <position S0="-20.3310244462132" S1 ="0.5" S2="18.7513210083131"/>
  </sphere>
  <sphere radius="0.25">
    <position S0="-12.3383660276133" S1 ="0.5" S2="20.3694745643854"/>
  </sphere>
  <sphere radius="0.25">
    <position S0="23.2870477010901" S1 ="0.5" S2="-3.26271638193294"/>
  </sphere>
  <sphere radius="0.25">
    <position S0="-2.44534908674907" S1 ="0.5" S2="24.1221546657021"/>
  </sphere>
  <sphere radius="0.25">
    <position S0="-15.7672322777879" S1 ="0.5" S2="-8.58732638116336"/>
  </sphere>
  <sphere radius="0.25">
    <position S0="15.2184093092654" S1 ="0.5" S2="7.05400918706041"/>
  </sphere>
  <sphere radius="0.25">
    <position S0="-17.7434984793623" S1 ="0.5" S2="-15.2420625510821"/>
  </sphere>
  <sphere radius="0.25">
    <position S0="-12.6694477571498" S1 ="0.5" S2="-4.36958299454748"/>
  </sphere>
  <sphere radius="0.25">
    <position S0="-1.17029043667498" S1 ="0.5" S2="-7.46940478331847"/>
  </sphere>
  <sphere radius="0.25">
    <position S0="10.2185426211071" S1 ="0.5" S2="1.62491874146504"/>
  </sphere>
  <sphere radius="0.25">
    <position S0="10.6121213108358" S1 ="0.5" S2="22.5324340386002"/>
  </sphere>
  <sphere radius="0.25">
    <position S0="-6.30454711211126" S1 ="0.5" S2="20.7943836207475"/>
  </sphere>
  <sphere radius="0.25">
    <position S0="13.9981117281123" S1 ="0.5" S2="-16.5550892201974"/>
  </sphere>
  <sphere radius="0.25">
    <position S0="24.9904976459176" S1 ="0.5" S2="-6.78570199840968"/>
  </sphere>
  <sphere radius="0.25">
    <position S0="-14.5020446458375" S1 ="0.5" S2="6.15783158277992"/>
  </sphere>
  <sphere radius="0.25">
    <position S0="11.3795900886783" S1 ="0.5" S2="-21.4219970844788"/>
  </sphere>
  <sphere radius="0.25">
    <position S0="-8.11886954266525" S1 ="0.5" S2="22.7412592376309"/>
  </sphere>
  <sphere radius="0.25">
    <position S0="1.00382600259214" S1 ="0.5" S2="-19.4565687302763"/>
  </sphere>
  <sphere radius="0.25">
    <position S0="12.4747967522008" S1 ="0.5" S2="8.29352600653354"/>
  </sphere>
  <sphere radius="0.25">
    <position S0="-24.6608186744437" S1 ="0.5" S2="-10.2932960657837"/>
  </sphere>
  <sphere radius="0.25">
    <position S0="-12.557534308898" S1 ="0.5" S2="1.65043260280529"/>
  </sphere>
  <sphere radius="0.25">
    <position S0="11.8586247492855" S1 ="0.5" S2="-6.15724920349068"/>
  </sphere>
  <sphere radius="0.25">
    <position S0="-18.5869986860021" S1 ="0.5" S2="18.006523066669"/>
  </sphere>
  <sphere radius="0.25">
    <position S0="11.3212404243281" S1 ="0.5" S2="-7.13649144495674"/>
  </sphere>
  <sphere radius="0.25">
    <position S0="3.33793870095999" S1 ="0.5" S2="-9.78163957352826"/>
  </sphere>
  <sphere radius="0.25">
    <position S0="-3.67192620349672" S1 ="0.5" S2="-19.4075715469232"/>
  </sphere>
  <sphere radius="0.25">
    <position S0="13.8471212418969" S1 ="0.5" S2="1.06092217660552"/>
  </sphere>
  <sphere radius="0.25">
    <position S0="5.48606402263327" S1 ="0.5" S2="-17.8634584848133"/>
  </sphere>
  <sphere radius="0.25">
    <position S0="0.0558681204243905" S1 ="0.5" S2="-8.13274964836089"/>
  </sphere>
  <sphere radius="0.25">
    <position S0="-18.6286371637269" S1 ="0.5" S2="14.8421369212876"/>
  </sphere>
  <sphere radius="0.25">
    <position S0="-3.25321402785052" S1 ="0.5" S2="-20.6596470883394"/>
  </sphere>
  <sphere radius="0.25">
    <position S0="13.6241993115396" S1 ="0.5" S2="3.07493613943222"/>
  </sphere>
  <sphere radius="0.25">
    <position S0="5.03308353015831" S1 ="0.5" S2="11.6404063937442"/>
  </sphere>
  <sphere radius="0.25">
    <position S0="-9.82712127027433" S1 ="0.5" S2="-15.4847577169932"/>
  </sphere>
  <sphere radius="0.25">
    <position S0="8.75411144632572" S1 ="0.5" S2="-18.2128790268734"/>
  </sphere>
  <sphere radius="0.25">
    <position S0="8.15562025325169" S1 ="0.5" S2="15.5361835567915"/>
  </sphere>
  <sphere radius="0.25">
    <position S0="-7.8085861088748" S1 ="0.5" S2="-4.48816131310918"/>
  </sphere>
  <sphere radius="0.25">
    <position S0="-10.8175469496369" S1 ="0.5" S2="-16.0383112919695"/>
  </sphere>
  <sphere radius="0.25">
    <position S0="-14.3261907106853" S1 ="0.5" S2="24.8527020913794"/>
  </sphere>
  <sphere radius="0.25">
    <position S0="14.3813823067496" S1 ="0.5" S2="20.9915886614432"/>
  </sphere>
  <sphere radius="0.25">
    <position S0="-2.87632964452558" S1 ="0.5" S2="7.12698909087432"/>
  </sphere>
  <sphere radius="0.25">
    <position S0="14.8763593006303" S1 ="0.5" S2="20.2795949276907"/>
  </sphere>
  <sphere radius="0.25">
    <position S0="-15.1702422137234" S1 ="0.5" S2="5.7871616356015"/>
  </sphere>
  <sphere radius="0.25">
    <position S0="-10.2691183263758" S1 ="0.5" S2="15.8202082807292"/>
  </sphere>
  <sphere radius="0.25">
    <position S0="-7.7448047850024" S1 ="0.5" S2="-6.13271551259454"/>
  </sphere>
  <sphere radius="0.25">
    <position S0="5.48756314929927" S1 ="0.5" S2="-4.39245359943828"/>
  </sphere>
  <sphere radius="0.25">
    <position S0="1.92216317026045" S1 ="0.5" S2="-14.5029555957312"/>
  </sphere>
  <sphere radius="0.25">
    <position S0="17.9599179620668" S1 ="0.5" S2="-16.8978872205587"/>
  </sphere>
  <sphere radius="0.25">
    <position S0="13.0262332912657" S1 ="0.5" S2="-16.2163113901468"/>
  </sphere>
  <sphere radius="0.25">
    <position S0="13.809667266351" S1 ="0.5" S2="-5.22740507974634"/>
  </sphere>
  <sphere radius="0.25">
    <position S0="2.83364433694335" S1 ="0.5" S2="1.80599814132135"/>
  </sphere>
  <sphere radius="0.25">
    <position S0="9.10939710871754" S1 ="0.5" S2="-3.44918227216656"/>
  </sphere>
  <sphere radius="0.25">
    <position S0="7.06274017322005" S1 ="0.5" S2="5.7918902397118"/>
  </sphere>
  <sphere radius="0.25">
    <position S0="13.4010145619516" S1 ="0.5" S2="-6.66471744499389"/>
  </sphere>
  <sphere radius="0.25">
    <position S0="-13.1215308737576" S1 ="0.5" S2="-3.4756246853972"/>
  </sphere>
  <sphere radius="0.25">
    <position S0="21.462732225872" S1 ="0.5" S2="0.203166029044971"/>
  </sphere>
  <sphere radius="0.25">
    <position S0="2.48586804488947" S1 ="0.5" S2="-14.6202258251702"/>
  </sphere>
  <sphere radius="0.25">
    <position S0="-7.28153343418685" S1 ="0.5" S2="14.6197968812752"/>
  </sphere>
  <sphere radius="0.25">
    <position S0="-10.5360063889697" S1 ="0.5" S2="18.3446043838489"/>
  </sphere>
  <sphere radius="0.25">
    <position S0="-6.75482164684442" S1 ="0.5" S2="24.2459218945568"/>
  </sphere>
  <sphere radius="0.25">
    <position S0="-3.09047527987998" S1 ="0.5" S2="-0.647329551003561"/>
  </sphere>
  <sphere radius="0.25">
    <position S0="17.2600470680092" S1 ="0.5" S2="-10.1131730410797"/>
  </sphere>
  <sphere radius="0.25">
    <position S0="1.29955782382729" S1 ="0.5" S2="-12.45192614731"/>
  </sphere>
  <sphere radius="0.25">
    <position S0="-11.385979613469" S1 ="0.5" S2="-18.3056305131436"/>
  </sphere>
  <sphere radius="0.25">
    <position S0="2.55192072482404" S1 ="0.5" S2="-18.9196597290783"/>
  </sphere>
  <sphere radius="0.25">
    <position S0="-4.06454458323519" S1 ="0.5" S2="-23.1098793205385"/>
  </sphere>
  <sphere radius="0.25">
    <position S0="-13.9569651749716" S1 ="0.5" S2="-5.39121261350401"/>
  </sphere>
  <sphere radius="0.25">
    <position S0="-6.8420556755001" S1 ="0.5" S2="20.3176722141531"/>
  </sphere>
  <sphere radius="0.25">
    <position S0="23.0175919821568" S1 ="0.5" S2="-6.6744584272031"/>
  </sphere>
  <sphere radius="0.25">
    <position S0="-11.7831452455293" S1 ="0.5" S2="4.03786754656484"/>
  </sphere>
  <sphere radius="0.25">
    <position S0="17.3861470736499" S1 ="0.5" S2="21.3955991186181"/>
  </sphere>
  <sphere radius="0.25">
    <position S0="3.9417391544868" S1 ="0.5" S2="20.7308199003948"/>
  </sphere>
  <sphere radius="0.25">
    <position S0="-2.59544773846653" S1 ="0.5" S2="-19.7156028797457"/>
  </sphere>
  <sphere radius="0.25">
    <position S0="18.1216783556722" S1 ="0.5" S2="-8.45761100456939"/>
  </sphere>
  <sphere radius="0.25">
    <position S0="17.7785778384556" S1 ="0.5" S2="-21.6598789192084"/>
  </sphere>
  <sphere radius="0.25">
    <position S0="18.6381191684111" S1 ="0.5" S2="19.6816289074168"/>
  </sphere>
  <sphere radius="0.25">
    <position S0="15.5385102566977" S1 ="0.5" S2="14.5637453717942"/>
  </sphere>
  <sphere radius="0.25">
    <position S0="22.8630702001336" S1 ="0.5" S2="-21.5190261120531"/>
  </sphere>
  <sphere radius="0.25">
    <position S0="9.54595107331217" S1 ="0.5" S2="-5.77742985020272"/>
  </sphere>
  <sphere radius="0.25">
    <position S0="20.2512599040062" S1 ="0.5" S2="-5.48533367946992"/>
  </sphere>
  <sphere radius="0.25">
    <position S0="-7.82213014681923" S1 ="0.5" S2="6.70664507509519"/>
  </sphere>
  <sphere radius="0.25">
    <position S0="15.7833618301821" S1 ="0.5" S2="-19.2018711446793"/>
  </sphere>
  <sphere radius="0.25">
    <position S0="-24.411080102162" S1 ="0.5" S2="19.5726115464105"/>
  </sphere>
  <sphere radius="0.25">
    <position S0="-10.8398687959834" S1 ="0.5" S2="-17.1229193416065"/>
  </sphere>
  <sphere radius="0.25">
    <position S0="17.2218298503299" S1 ="0.5" S2="-2.59920564833991"/>
  </sphere>
  <sphere radius="0.25">
    <position S0="16.6022048991184" S1 ="0.5" S2="21.1384520382334"/>
  </sphere>
  <sphere radius="0.25">
    <position S0="5.1277496293782" S1 ="0.5" S2="14.2073108065907"/>
  </sphere>
  <sphere radius="0.25">
    <position S0="-18.1402251790931" S1 ="0.5" S2="0.513925601501913"/>
  </sphere>
  <sphere radius="0.25">
    <position S0="20.4109312945096" S1 ="0.5" S2="21.5292271676144"/>
  </sphere>
  <sphere radius="0.25">
    <position S0="17.4822746973868" S1 ="0.5" S2="-3.98483929642701"/>
  </sphere>
  <sphere radius="0.25">
    <position S0="-5.57360450298228" S1 ="0.5" S2="22.0716313911004"/>
  </sphere>
  <sphere radius="0.25">
    <position S0="-11.0842083515992" S1 ="0.5" S2="-0.7882003559676"/>
  </sphere>
  <sphere radius="0.25">
    <position S0="-12.5577788974893" S1 ="0.5" S2="1.25382650934804"/>
  </sphere>
  <sphere radius="0.25">
    <position S0="-13.6483895772362" S1 ="0.5" S2="-3.52071054676581"/>
  </sphere>
  <sphere radius="0.25">
    <position S0="-3.25428281363765" S1 ="0.5" S2="-10.323029563447"/>
  </sphere>
  <sphere radius="0.25">
    <position S0="-14.2282788591591" S1 ="0.5" S2="3.7950218323595"/>
  </sphere>
  <sphere radius="0.25">
    <position S0="-1.92571833120925" S1 ="0.5" S2="18.7021884339406"/>
  </sphere>
  <sphere radius="0.25">
    <position S0="-13.1400023066159" S1 ="0.5" S2="-14.3204980014453"/>
  </sphere>
  <sphere radius="0.25">
    <position S0="-19.387762711564" S1 ="0.5" S2="-1.85638970083389"/>
  </sphere>
  <sphere radius="0.25">
    <position S0="20.1419000025568" S1 ="0.5" S2="2.83194071512294"/>
  </sphere>
  <sphere radius="0.25">
    <position S0="16.1242659162377" S1 ="0.5" S2="10.2445976972788"/>
  </sphere>
  <sphere radius="0.25">
    <position S0="-0.679440854899324" S1 ="0.5" S2="-4.62221651320449"/>
  </sphere>
  <sphere radius="0.25">
    <position S0="-13.2620838183267" S1 ="0.5" S2="22.4996671301777"/>
  </sphere>
  <sphere radius="0.25">
    <position S0="-10.4461207219614" S1 ="0.5" S2="-23.6688005498931"/>
  </sphere>
  <sphere radius="0.25">
    <position S0="7.70397055088727" S1 ="0.5" S2="-2.65085540136828"/>
  </sphere>
  <sphere radius="0.25">
    <position S0="-16.9299574065627" S1 ="0.5" S2="13.0167239056978"/>
  </sphere>
  <sphere radius="0.25">
    <position S0="1.7402954524105" S1 ="0.5" S2="-0.763900799566833"/>
  </sphere>
  <sphere radius="0.25">
    <position S0="-24.9117291764876" S1 ="0.5" S2="-4.89376153791964"/>
  </sphere>
  <sphere radius="0.25">
    <position S0="-7.20914657330566" S1 ="0.5" S2="-8.42843781385032"/>
  </sphere>
  <sphere radius="0.25">
    <position S0="18.35590775281" S1 ="0.5" S2="-0.664906611510044"/>
  </sphere>
  <sphere radius="0.25">
    <position S0="8.22100112364674" S1 ="0.5" S2="17.6808417507824"/>
  </sphere>
  <sphere radius="0.25">
    <position S0="11.1313634720311" S1 ="0.5" S2="2.54485941377695"/>
  </sphere>
  <sphere radius="0.25">
    <position S0="-13.3709267891808" S1 ="0.5" S2="-12.1928169332411"/>
  </sphere>
  <sphere radius="0.25">
    <position S0="-1.93582963055737" S1 ="0.5" S2="11.4255611954376"/>
  </sphere>
  <sphere radius="0.25">
    <position S0="2.34731311320668" S1 ="0.5" S2="21.1802728223523"/>
  </sphere>
  <sphere radius="0.25">
    <position S0="-5.09831168693412" S1 ="0.5" S2="-2.73267900465647"/>
  </sphere>
  <sphere radius="0.25">
    <position S0="-23.6126728349424" S1 ="0.5" S2="-10.3496660177362"/>
  </sphere>
  <sphere radius="0.25">
    <position S0="4.89089478733525" S1 ="0.5" S2="9.18179779973896"/>
  </sphere>
  <sphere radius="0.25">
    <position S0="-2.24892775400026" S1 ="0.5" S2="18.5380081616053"/>
  </sphere>
  <sphere radius="0.25">
    <position S0="-12.5261165376409" S1 ="0.5" S2="-10.057446027667"/>
  </sphere>
  <sphere radius="0.25">
    <position S0="-13.3000527686905" S1 ="0.5" S2="-14.9795890273431"/>
  </sphere>
  <sphere radius="0.25">
    <position S0="13.7753189023469" S1 ="0.5" S2="24.3965725877306"/>
  </sphere>
  <sphere radius="0.25">
    <position S0="-18.3930721568843" S1 ="0.5" S2="-2.24500276485691"/>
  </sphere>
  <sphere radius="0.25">
    <position S0="-22.945273620051" S1 ="0.5" S2="23.8381824683576"/>
  </sphere>
  <sphere radius="0.25">
    <position S0="18.6139176104283" S1 ="0.5" S2="16.7537592313037"/>
  </sphere>
  <sphere radius="0.25">
    <position S0="17.8886485718604" S1 ="0.5" S2="14.0406751022864"/>
  </sphere>
  <sphere radius="0.25">
    <position S0="4.78770254635611" S1 ="0.5" S2="-4.19319338593315"/>
  </sphere>
  <sphere radius="0.25">
    <position S0="19.6109395914762" S1 ="0.5" S2="23.4434241654554"/>
  </sphere>
  <sphere radius="0.25">
    <position S0="24.1132342252476" S1 ="0.5" S2="21.7756997313237"/>
  </sphere>
  <sphere radius="0.25">
    <position S0="-16.2512897240237" S1 ="0.5" S2="23.9307331149144"/>
  </sphere>
  <sphere radius="0.25">
    <position S0="-0.564503239264946" S1 ="0.5" S2="3.12831808260098"/>
  </sphere>
  <sphere radius="0.25">
    <position S0="-1.01611366309976" S1 ="0.5" S2="11.523697728535"/>
  </sphere>
  <sphere radius="0.25">
    <position S0="-22.5525437144342" S1 ="0.5" S2="10.8027215980937"/>
  </sphere>
  <sphere radius="0.25">
    <position S0="11.6293967406402" S1 ="0.5" S2="-12.9100385298534"/>
  </sphere>
  <sphere radius="0.25">
    <position S0="19.3452044130979" S1 ="0.5" S2="-9.09352697622661"/>
  </sphere>
  <sphere radius="0.25">
    <position S0="22.3551662160806" S1 ="0.5" S2="-0.747154734911004"/>
  </sphere>
  <sphere radius="0.25">
    <position S0="-20.9023212762095" S1 ="0.5" S2="3.41335378047701"/>
  </sphere>
  <sphere radius="0.25">
    <position S0="-12.3648538428195" S1 ="0.5" S2="-1.79940984901013"/>
  </sphere>
  <sphere radius="0.25">
    <position S0="-21.0944771515645" S1 ="0.5" S2="11.7347908843005"/>
  </sphere>
  <sphere radius="0.25">
    <position S0="-4.06206842933878" S1 ="0.5" S2="13.8740759756761"/>
  </sphere>
  <sphere radius="0.25">
    <position S0="-14.2475433131901" S1 ="0.5" S2="-0.77401209891495"/>
  </sphere>
  <sphere radius="0.25">
    <position S0="17.8116435850093" S1 ="0.5" S2="10.593553881903"/>
  </sphere>
  <sphere radius="0.25">
    <position S0="-21.7083757495081" S1 ="0.5" S2="5.86101321077953"/>
  </sphere>
  <sphere radius="0.25">
    <position S0="17.4796184489874" S1 ="0.5" S2="5.58052055099072"/>
  </sphere>
  <sphere radius="0.25">
    <position S0="-4.96060560921235" S1 ="0.5" S2="6.4474706218799"/>
  </sphere>
  <sphere radius="0.25">
    <position S0="10.0685635744913" S1 ="0.5" S2="0.975372514676009"/>
  </sphere>
  <sphere radius="0.25">
    <position S0="9.78929788562902" S1 ="0.5" S2="-11.4568496525552"/>
  </sphere>
  <sphere radius="0.25">
    <position S0="15.5070572115979" S1 ="0.5" S2="8.57162914870848"/>
  </sphere>
  <sphere radius="0.25">
    <position S0="11.0365246357566" S1 ="0.5" S2="-22.7483788261881"/>
  </sphere>
  <sphere radius="0.25">
    <position S0="21.9491163021648" S1 ="0.5" S2="-4.19579375497801"/>
  </sphere>
  <sphere radius="0.25">
    <position S0="11.1256004945029" S1 ="0.5" S2="14.9647649098024"/>
  </sphere>
  <sphere radius="0.25">
    <position S0="-20.5070219447403" S1 ="0.5" S2="2.70744458665487"/>
  </sphere>
  <sphere radius="0.25">
    <position S0="19.3985930152231" S1 ="0.5" S2="-6.36419669322865"/>
  </sphere>
  <sphere radius="0.25">
    <position S0="9.94299637849582" S1 ="0.5" S2="-23.6256512341209"/>
  </sphere>
  <sphere radius="0.25">
    <position S0="-16.8283395431136" S1 ="0.5" S2="-3.58965055951367"/>
  </sphere>
  <sphere radius="0.25">
    <position S0="19.5379013170199" S1 ="0.5" S2="-12.6215566590529"/>
  </sphere>
  <sphere radius="0.25">
    <position S0="0.837768160662505" S1 ="0.5" S2="-5.12536569969979"/>
  </sphere>
  <sphere radius="0.25">
    <position S0="13.1782764281045" S1 ="0.5" S2="-24.79049114035"/>
  </sphere>
  <sphere radius="0.25">
    <position S0="10.3166744975916" S1 ="0.5" S2="13.3903324549973"/>
  </sphere>
  <sphere radius="0.25">
    <position S0="8.23207347804311" S1 ="0.5" S2="-3.41355692521369"/>
  </sphere>
  <sphere radius="0.25">
    <position S0="18.3231031491063" S1 ="0.5" S2="-18.9511238103505"/>
  </sphere>
  <sphere radius="0.25">
    <position S0="17.050567079359" S1 ="0.5" S2="-12.102266208782"/>
  </sphere>
  <sphere radius="0.25">
    <position S0="5.83790944928206" S1 ="0.5" S2="-3.62020629859539"/>
  </sphere>
  <sphere radius="0.25">
    <position S0="14.46354737946" S1 ="0.5" S2="15.5545283763458"/>
  </sphere>
  <sphere radius="0.25">
    <position S0="12.9062965688791" S1 ="0.5" S2="4.06351700847201"/>
  </sphere>
  <sphere radius="0.25">
    <position S0="12.1640655152332" S1 ="0.5" S2="-23.3460983253764"/>
  </sphere>
  <sphere radius="0.25">
    <position S0="14.7856745821357" S1 ="0.5" S2="-24.8662746743608"/>
  </sphere>
  <sphere radius="0.25">
    <position S0="-22.2515245188268" S1 ="0.5" S2="-4.21230822299249"/>
  </sphere>
  <sphere radius="0.25">
    <position S0="-5.26699015417462" S1 ="0.5" S2="-9.89580100164553"/>
  </sphere>
  <sphere radius="0.25">
    <position S0="16.1949608666799" S1 ="0.5" S2="9.65582094372056"/>
  </sphere>
  <sphere radius="0.25">
    <position S0="20.9180168322837" S1 ="0.5" S2="16.1052696831083"/>
  </sphere>
  <sphere radius="0.25">
    <position S0="-2.59113990589564" S1 ="0.5" S2="23.6290449503013"/>
  </sphere>
  <sphere radius="0.25">
    <position S0="11.90956930486" S1 ="0.5" S2="-2.3098797664558"/>
  </sphere>
  <sphere radius="0.25">
    <position S0="-24.8623956459865" S1 ="0.5" S2="-10.0853364146712"/>
  </sphere>
  <sphere radius="0.25">
    <position S0="0.364873919340258" S1 ="0.5" S2="15.2975483519479"/>
  </sphere>
  <sphere radius="0.25">
    <position S0="23.2549546511168" S1 ="0.5" S2="22.6461921807594"/>
  </sphere>
  <sphere radius="0.25">
    <position S0="-5.98045230423121" S1 ="0.5" S2="0.362673227378479"/>
  </sphere>
  <sphere radius="0.25">
    <position S0="2.48110309591568" S1 ="0.5" S2="5.07672430485334"/>
  </sphere>
  <sphere radius="0.25">
    <position S0="22.9141978304434" S1 ="0.5" S2="16.5952442640417"/>
  </sphere>
  <sphere radius="0.25">
    <position S0="21.8695351373728" S1 ="0.5" S2="-1.98120068618152"/>
  </sphere>
  <sphere radius="0.25">
    <position S0="4.17225592731137" S1 ="0.5" S2="19.3884680021501"/>
  </sphere>
  <sphere radius="0.25">
    <position S0="-11.531947803" S1 ="0.5" S2="4.10814344841435"/>
  </sphere>
  <sphere radius="0.25">
    <position S0="9.2462839252531" S1 ="0.5" S2="17.8839996423963"/>
  </sphere>
  <sphere radius="0.25">
    <position S0="-2.40723124118858" S1 ="0.5" S2="0.704042835023272"/>
  </sphere>
  <sphere radius="0.25">
    <position S0="-7.87384118087303" S1 ="0.5" S2="-7.609415348903"/>
  </sphere>
  <sphere radius="0.25">
    <position S0="5.47649901382462" S1 ="0.5" S2="-4.78752450076282"/>
  </sphere>
  <sphere radius="0.25">
    <position S0="22.1953715883174" S1 ="0.5" S2="23.5762525343226"/>
  </sphere>
  <sphere radius="0.25">
    <position S0="0.668426242502607" S1 ="0.5" S2="-22.782166534002"/>
  </sphere>
  <sphere radius="0.25">
    <position S0="8.64001609554515" S1 ="0.5" S2="18.4215221290577"/>
  </sphere>
  <sphere radius="0.25">
    <position S0="0.988164486358017" S1 ="0.5" S2="-16.8522107842621"/>
  </sphere>
  <sphere radius="0.25">
    <position S0="-3.7578106526089" S1 ="0.5" S2="-0.451116205868832"/>
  </sphere>
  <sphere radius="0.25">
    <position S0="-9.81034554299449" S1 ="0.5" S2="22.6087482169311"/>
  </sphere>
  <sphere radius="0.25">
    <position S0="5.80856235735517" S1 ="0.5" S2="14.5178733344739"/>
  </sphere>
  <sphere radius="0.25">
    <position S0="7.63435397885477" S1 ="0.5" S2="-10.5769986452428"/>
  </sphere>
  <sphere radius="0.25">
    <position S0="-2.34737777027645" S1 ="0.5" S2="-2.3282488236801"/>
  </sphere>
  <sphere radius="0.25">
    <position S0="-2.12650605343585" S1 ="0.5" S2="3.13776558178373"/>
  </sphere>
  <sphere radius="0.25">
    <position S0="-6.76533613901834" S1 ="0.5" S2="-6.82383844713859"/>
  </sphere>
  <sphere radius="0.25">
    <position S0="-19.5164349835908" S1 ="0.5" S2="-23.4704511698663"/>
  </sphere>
  <sphere radius="0.25">
    <position S0="2.63721748610829" S1 ="0.5" S2="18.30071664569"/>
  </sphere>
  <sphere radius="0.25">
    <position S0="-10.6172389749518" S1 ="0.5" S2="19.0255696624636"/>
  </sphere>
  <sphere radius="0.25">
    <position S0="-24.9026485252672" S1 ="0.5" S2="-0.566438481009771"/>
  </sphere>
  <sphere radius="0.25">
    <position S0="22.7885047662018" S1 ="0.5" S2="-17.0257107317567"/>
  </sphere>
  <sphere radius="0.25">
    <position S0="-15.1789506618767" S1 ="0.5" S2="3.04247915187966"/>
  </sphere>
  <sphere radius="0.25">
    <position S0="-24.549179407558" S1 ="0.5" S2="-4.55670483855377"/>
  </sphere>
  <sphere radius="0.25">
    <position S0="24.6942469848759" S1 ="0.5" S2="0.263269629917701"/>
  </sphere>
  <sphere radius="0.25">
    <position S0="21.4367082093082" S1 ="0.5" S2="-20.5073242986143"/>
  </sphere>
  <sphere radius="0.25">
    <position S0="-9.39292022231637" S1 ="0.5" S2="13.7217459216349"/>
  </sphere>
  <sphere radius="0.25">
    <position S0="-23.2233900335726" S1 ="0.5" S2="-20.3766278668198"/>
  </sphere>
  <sphere radius="0.25">
    <position S0="4.19881354514454" S1 ="0.5" S2="-9.14069601993109"/>
  </sphere>
  <sphere radius="0.25">
    <position S0="23.2995810910592" S1 ="0.5" S2="19.7284105907792"/>
  </sphere>
  <sphere radius="0.25">
    <position S0="-14.7503543364584" S1 ="0.5" S2="-16.8302325959458"/>
  </sphere>
  <sphere radius="0.25">
    <position S0="-21.9485793947003" S1 ="0.5" S2="19.4544076428071"/>
  </sphere>
  <sphere radius="0.25">
    <position S0="19.5170907045328" S1 ="0.5" S2="-22.6612665679591"/>
  </sphere>
  <sphere radius="0.25">
    <position S0="-23.0221883617445" S1 ="0.5" S2="4.01921003545598"/>
  </sphere>
  <sphere radius="0.25">
    <position S0="18.0926875179134" S1 ="0.5" S2="-0.861122587631047"/>
  </sphere>
  <sphere radius="0.25">
    <position S0="-0.419384020110306" S1 ="0.5" S2="15.3392994498551"/>
  </sphere>
  <sphere radius="0.25">
    <position S0="4.03876110400947" S1 ="0.5" S2="6.96259482389437"/>
  </sphere>
  <sphere radius="0.25">
    <position S0="-16.9495622589949" S1 ="0.5" S2="21.8086278284009"/>
  </sphere>
  <sphere radius="0.25">
    <position S0="1.76037902792933" S1 ="0.5" S2="-17.7846348112377"/>
  </sphere>
  <sphere radius="0.25">
    <position S0="12.7876988788078" S1 ="0.5" S2="-22.2339167945245"/>
  </sphere>
  <sphere radius="0.25">
    <position S0="14.0670527420319" S1 ="0.5" S2="-12.8089411825915"/>
  </sphere>
  <sphere radius="0.25">
    <position S0="-10.2712456301186" S1 ="0.5" S2="22.3893525998059"/>
  </sphere>
  <sphere radius="0.25">
    <position S0="1.23504296701171" S1 ="0.5" S2="-6.61918175482153"/>
  </sphere>
  <sphere radius="0.25">
    <position S0="-12.4693141958999" S1 ="0.5" S2="4.51291793934671"/>
  </sphere>
  <sphere radius="0.25">
    <position S0="-8.60044841356596" S1 ="0.5" S2="-24.139807116771"/>
  </sphere>
  <sphere radius="0.25">
    <position S0="-2.66926471501089" S1 ="0.5" S2="-13.2220864939606"/>
  </sphere>
  <sphere radius="0.25">
    <position S0="20.0011355546308" S1 ="0.5" S2="-5.34564956573101"/>
  </sphere>
  <sphere radius="0.25">
    <position S0="8.77592399892207" S1 ="0.5" S2="16.9275840706786"/>
  </sphere>
  <sphere radius="0.25">
    <position S0="-3.61785908630949" S1 ="0.5" S2="-21.6659028766052"/>
  </sphere>
  <sphere radius="0.25">
    <position S0="-11.5428014362896" S1 ="0.5" S2="-17.5176840939176"/>
  </sphere>
  <sphere radius="0.25">
    <position S0="1.06466751362415" S1 ="0.5" S2="-3.568389443014"/>
  </sphere>
  <sphere radius="0.25">
    <position S0="2.35060764353285" S1 ="0.5" S2="0.555369572506925"/>
  </sphere>
  <sphere radius="0.25">
    <position S0="-24.317346349972" S1 ="0.5" S2="-18.9025912405469"/>
  </sphere>
  <sphere radius="0.25">
    <position S0="0.453914597376209" S1 ="0.5" S2="8.64448495378927"/>
  </sphere>
  <sphere radius="0.25">
    <position S0="5.67130818062989" S1 ="0.5" S2="-20.0320178619735"/>
  </sphere>
  <sphere radius="0.25">
    <position S0="2.86299310525087" S1 ="0.5" S2="-3.01655164361771"/>
  </sphere>
  <sphere radius="0.25">
    <position S0="3.0716051012611" S1 ="0.5" S2="20.5334978855837"/>
  </sphere>
  <sphere radius="0.25">
    <position S0="-19.3386421512527" S1 ="0.5" S2="23.058586846133"/>
  </sphere>
  <sphere radius="0.25">
    <position S0="18.4410130341728" S1 ="0.5" S2="-19.3379319945061"/>
  </sphere>
  <sphere radius="0.25">
    <position S0="-6.78063532420464" S1 ="0.5" S2="1.13627245935438"/>
  </sphere>
  <sphere radius="0.25">
    <position S0="14.8080476279408" S1 ="0.5" S2="-2.53510630109119"/>
  </sphere>
  <sphere radius="0.25">
    <position S0="-12.3803415509781" S1 ="0.5" S2="17.2324946346844"/>
  </sphere>
  <sphere radius="0.25">
    <position S0="-23.1918578726202" S1 ="0.5" S2="-12.1972975261497"/>
  </sphere>
  <sphere radius="0.25">
    <position S0="20.3381638952243" S1 ="0.5" S2="-15.6155893302595"/>
  </sphere>
  <sphere radius="0.25">
    <position S0="23.1866708249723" S1 ="0.5" S2="-8.87714632967354"/>
  </sphere>
  <sphere radius="0.25">
    <position S0="0.426486914710367" S1 ="0.5" S2="-1.57371809546543"/>
  </sphere>
  <sphere radius="0.25">
    <position S0="18.7581666250518" S1 ="0.5" S2="5.30538297272538"/>
  </sphere>
  <sphere radius="0.25">
    <position S0="1.70141569185137" S1 ="0.5" S2="-7.36455781495411"/>
  </sphere>
  <sphere radius="0.25">
    <position S0="9.84045117387569" S1 ="0.5" S2="14.1733847973744"/>
  </sphere>
  <sphere radius="0.25">
    <position S0="21.7066989497778" S1 ="0.5" S2="-4.86236579244135"/>
  </sphere>
  <sphere radius="0.25">
    <position S0="17.9269036478023" S1 ="0.5" S2="3.88620085031083"/>
  </sphere>
  <sphere radius="0.25">
    <position S0="23.8416097587168" S1 ="0.5" S2="-13.5684305515925"/>
  </sphere>
  <sphere radius="0.25">
    <position S0="-2.0028002220219" S1 ="0.5" S2="-24.6527130713932"/>
  </sphere>
  <sphere radius="0.25">
    <position S0="8.70630840477827" S1 ="0.5" S2="24.4676376690472"/>
  </sphere>
  <sphere radius="0.25">
    <position S0="-11.0070074144783" S1 ="0.5" S2="10.717337152789"/>
  </sphere>
  <sphere radius="0.25">
    <position S0="23.4865710365058" S1 ="0.5" S2="-9.27992709180337"/>
  </sphere>
  <sphere radius="0.25">
    <position S0="10.1147324475994" S1 ="0.5" S2="12.320926104356"/>
  </sphere>
  <sphere radius="0.25">
    <position S0="-7.32573172185837" S1 ="0.5" S2="-21.4002261852847"/>
  </sphere>
  <sphere radius="0.25">
    <position S0="-16.1880478920359" S1 ="0.5" S2="10.1181130088484"/>
  </sphere>
  <sphere radius="0.25">
    <position S0="-1.25277255487292" S1 ="0.5" S2="12.8799511761777"/>
  </sphere>
  <sphere radius="0.25">
    <position S0="-14.2407551357712" S1 ="0.5" S2="-8.93049607236427"/>
  </sphere>
  <sphere radius="0.25">
    <position S0="10.457814128817" S1 ="0.5" S2="-10.4515454896966"/>
  </sphere>
  <sphere radius="0.25">
    <position S0="4.54149522331613" S1 ="0.5" S2="-20.5632887992837"/>
  </sphere>
  <sphere radius="0.25">
    <position S0="3.22528173133045" S1 ="0.5" S2="22.7662221285357"/>
  </sphere>
  <sphere radius="0.25">
    <position S0="-6.1679178062677" S1 ="0.5" S2="13.0259156637014"/>
  </sphere>
  <sphere radius="0.25">
    <position S0="-11.7818643277427" S1 ="0.5" S2="-20.7323717632016"/>
  </sphere>
  <sphere radius="0.25">
    <position S0="-16.044630944284" S1 ="0.5" S2="23.0817304682367"/>
  </sphere>
  <sphere radius="0.25">
    <position S0="8.20936881155212" S1 ="0.5" S2="-14.07815322237"/>
  </sphere>
  <sphere radius="0.25">
    <position S0="-1.37671605980802" S1 ="0.5" S2="-23.8119109993856"/>
  </sphere>
  <sphere radius="0.25">
    <position S0="-5.76470514329369" S1 ="0.5" S2="-23.539144801227"/>
  </sphere>
  <sphere radius="0.25">
    <position S0="4.09639406907204" S1 ="0.5" S2="20.8705262261771"/>
  </sphere>
  <sphere radius="0.25">
    <position S0="20.3914180842188" S1 ="0.5" S2="-12.5306663278167"/>
  </sphere>
  <sphere radius="0.25">
    <position S0="-7.36371736617932" S1 ="0.5" S2="-15.2935859934863"/>
  </sphere>
  <sphere radius="0.25">
    <position S0="13.3115494569352" S1 ="0.5" S2="-18.5627594793042"/>
  </sphere>
  <sphere radius="0.25">
    <position S0="-12.3688853054163" S1 ="0.5" S2="-1.89835812286397"/>
  </sphere>
  <sphere radius="0.25">
    <position S0="-16.1765099229182" S1 ="0.5" S2="24.7223381650272"/>
  </sphere>
  <sphere radius="0.25">
    <position S0="-9.57384264775265" S1 ="0.5" S2="-16.1732522263998"/>
  </sphere>
  <sphere radius="0.25">
    <position S0="-15.6216106566701" S1 ="0.5" S2="1.85739972016653"/>
  </sphere>
  <sphere radius="0.25">
    <position S0="18.4283867214939" S1 ="0.5" S2="9.2931552484134"/>
  </sphere>
  <sphere radius="0.25">
    <position S0="6.89007422509141" S1 ="0.5" S2="-6.43951142273821"/>
  </sphere>
  <sphere radius="0.25">
    <position S0="-2.87799480272364" S1 ="0.5" S2="10.9400862762425"/>
  </sphere>
  <sphere radius="0.25">
    <position S0="5.63555547531487" S1 ="0.5" S2="0.967076921820209"/>
  </sphere>
  <sphere radius="0.25">
    <position S0="-2.50079851946831" S1 ="0.5" S2="19.2189427997074"/>
  </sphere>
  <sphere radius="0.25">
    <position S0="-18.2352961475194" S1 ="0.5" S2="12.0330019793627"/>
  </sphere>
  <sphere radius="0.25">
    <position S0="-20.8884427071961" S1 ="0.5" S2="-18.2475784994883"/>
  </sphere>
  <sphere radius="0.25">
    <position S0="4.97648987452336" S1 ="0.5" S2="-17.3761368926503"/>
  </sphere>
  <sphere radius="0.25">
    <position S0="-9.11718184785786" S1 ="0.5" S2="-2.71362775364594"/>
  </sphere>
  <sphere radius="0.25">
    <position S0="-16.2164428928944" S1 ="0.5" S2="-10.1112813619484"/>
  </sphere>
  <sphere radius="0.25">
    <position S0="-4.3219141565831" S1 ="0.5" S2="-2.01151954336628"/>
  </sphere>
  <sphere radius="0.25">
    <position S0="21.9121718764827" S1 ="0.5" S2="-5.16491878319761"/>
  </sphere>
  <sphere radius="0.25">
    <position S0="-8.87483825621886" S1 ="0.5" S2="-3.21195878936535"/>
  </sphere>
  <sphere radius="0.25">
    <position S0="10.135107433952" S1 ="0.5" S2="20.7304403165963"/>
  </sphere>
  <sphere radius="0.25">
    <position S0="4.20242558661961" S1 ="0.5" S2="-11.5042024927699"/>
  </sphere>
  <sphere radius="0.25">
    <position S0="13.841470884551" S1 ="0.5" S2="-24.8713787178841"/>
  </sphere>
  <sphere radius="0.25">
    <position S0="13.7033411249068" S1 ="0.5" S2="-18.6480309086144"/>
  </sphere>
  <sphere radius="0.25">
    <position S0="-7.50653994386389" S1 ="0.5" S2="14.3301286917786"/>
  </sphere>
  <sphere radius="0.25">
    <position S0="-5.70198522447701" S1 ="0.5" S2="-24.3251937205555"/>
  </sphere>
  <sphere radius="0.25">
    <position S0="4.33885000149666" S1 ="0.5" S2="18.1563077928295"/>
  </sphere>
  <sphere radius="0.25">
    <position S0="-9.76502924913775" S1 ="0.5" S2="-5.57565883760138"/>
  </sphere>
  <sphere radius="0.25">
    <position S0="14.9701321916516" S1 ="0.5" S2="-1.5826601658867"/>
  </sphere>
  <sphere radius="0.25">
    <position S0="-22.0582898459669" S1 ="0.5" S2="-23.7214525224275"/>
  </sphere>
  <sphere radius="0.25">
    <position S0="-22.6743167721081" S1 ="0.5" S2="-19.1213068059279"/>
  </sphere>
  <sphere radius="0.25">
    <position S0="18.1251520026127" S1 ="0.5" S2="-23.8003730302678"/>
  </sphere>
  <sphere radius="0.25">
    <position S0="8.83952001288511" S1 ="0.5" S2="18.1397851058933"/>
  </sphere>
  <sphere radius="0.25">
    <position S0="-24.9568093335055" S1 ="0.5" S2="19.4896707052783"/>
  </sphere>
  <sphere radius="0.25">
    <position S0="-18.8206861232504" S1 ="0.5" S2="-4.56009373513986"/>
  </sphere>
  <sphere radius="0.25">
    <position S0="12.3809833719307" S1 ="0.5" S2="-12.945006991711"/>
  </sphere>
  <sphere radius="0.25">
    <position S0="-22.5646731665193" S1 ="0.5" S2="-24.6660360133583"/>
  </sphere>
  <sphere radius="0.25">
    <position S0="-24.1950211577094" S1 ="0.5" S2="9.9051151587186"/>
  </sphere>
  <sphere radius="0.25">
    <position S0="21.7646513352006" S1 ="0.5" S2="-15.9965960266984"/>
  </sphere>
  <sphere radius="0.25">
    <position S0="-19.6225280848437" S1 ="0.5" S2="-18.3639174296353"/>
  </sphere>
  <sphere radius="0.25">
    <position S0="23.3296608544559" S1 ="0.5" S2="22.7595882014183"/>
  </sphere>
  <sphere radius="0.25">
    <position S0="14.2589614443756" S1 ="0.5" S2="15.6463611827448"/>
  </sphere>
  <sphere radius="0.25">
    <position S0="13.3258483318267" S1 ="0.5" S2="-9.79198812730237"/>
  </sphere>
  <sphere radius="0.25">
    <position S0="17.9475222448574" S1 ="0.5" S2="-9.37275068572385"/>
  </sphere>
  <sphere radius="0.25">
    <position S0="24.6537478871894" S1 ="0.5" S2="-23.7462553189817"/>
  </sphere>
  <sphere radius="0.25">
    <position S0="8.01834826498215" S1 ="0.5" S2="-1.50516795763055"/>
  </sphere>
  <sphere radius="0.25">
    <position S0="-8.10662893723074" S1 ="0.5" S2="-10.1533857337913"/>
  </sphere>
  <sphere radius="0.25">
    <position S0="-5.53764201725723" S1 ="0.5" S2="4.25641423987989"/>
  </sphere>
  <sphere radius="0.25">
    <position S0="-22.3947116860164" S1 ="0.5" S2="3.00279861688744"/>
  </sphere>
  <sphere radius="0.25">
    <position S0="4.65627749434499" S1 ="0.5" S2="20.7016857786578"/>
  </sphere>
  <sphere radius="0.25">
    <position S0="-24.9145693843786" S1 ="0.5" S2="19.2136704196286"/>
  </sphere>
  <sphere radius="0.25">
    <position S0="-24.827344785364" S1 ="0.5" S2="22.053553791276"/>
  </sphere>
  <sphere radius="0.25">
    <position S0="-23.0508546801521" S1 ="0.5" S2="-17.756978232766"/>
  </sphere>
  <sphere radius="0.25">
    <position S0="23.2394794459639" S1 ="0.5" S2="4.00488601485495"/>
  </sphere>
  <sphere radius="0.25">
    <position S0="17.3513289505389" S1 ="0.5" S2="5.32985559214366"/>
  </sphere>
  <sphere radius="0.25">
    <position S0="-2.34031017280198" S1 ="0.5" S2="5.96672821834996"/>
  </sphere>
  <sphere radius="0.25">
    <position S0="-6.96013208104304" S1 ="0.5" S2="21.3056275836684"/>
  </sphere>
  <sphere radius="0.25">
    <position S0="-22.0511133768834" S1 ="0.5" S2="-20.4339049735264"/>
  </sphere>
  <sphere radius="0.25">
    <position S0="-8.38026825030347" S1 ="0.5" S2="-22.5212091801321"/>
  </sphere>
  <sphere radius="0.25">
    <position S0="-12.1262213620945" S1 ="0.5" S2="-6.36849185981252"/>
  </sphere>
  <sphere radius="0.25">
    <position S0="-24.8077371389641" S1 ="0.5" S2="9.41594135221836"/>
  </sphere>
  <sphere radius="0.25">
    <position S0="19.8359228180889" S1 ="0.5" S2="-20.0744308042687"/>
  </sphere>
  <sphere radius="0.25">
    <position S0="12.421557999878" S1 ="0.5" S2="-11.1138486704388"/>
  </sphere>
  <sphere radius="0.25">
    <position S0="20.1616219455198" S1 ="0.5" S2="12.588712567272"/>
  </sphere>
  <sphere radius="0.25">
    <position S0="5.87160600389894" S1 ="0.5" S2="-3.45143539758932"/>
  </sphere>
  <sphere radius="0.25">
    <position S0="7.29982684473499" S1 ="0.5" S2="-6.23814728168684"/>
  </sphere>

</scene>