﻿<?xml version="1.0" encoding="utf-8" ?>

<scene>
  <camera>
    <position S0="3" S1="2" S2="4"/>
    <lookAt S0="-1" S1="0.5" S2="0"/>
  </camera>
  
  <plane offset="0">
    <normal S0="0" S1 ="1" S2="0"/>    
  </plane>
  <plane offset="3" surface="Sky">
    <normal S0="0" S1 ="-1" S2="0"/>
  </plane>

  <sphere radius="0.9">
    <position S0="-7.7" S1 ="2" S2="-2.7"/>
  </sphere>
  <sphere radius="0.9">
    <position S0="-9.7" S1 ="1" S2="-8.7"/>
  </sphere>
  <sphere radius="1" surface="TransparentAndShiny">
    <position S0="0" S1 ="1" S2="0"/>
  </sphere>
  <sphere radius="0.5">
    <position S0="-2.2" S1 ="1" S2="-1"/>
  </sphere>
  <sphere radius="0.5" surface="Wood">
    <position S0="-1" S1 ="0.5" S2="1.5"/>
  </sphere>
  <sphere radius="0.25">
    <position S0="0.5" S1 ="0.25" S2="1.5"/>
  </sphere>
  <sphere radius="0.20">
    <position S0="0" S1 ="0.2" S2="1.5"/>
  </sphere>

  <light>
    <position S0="0" S1="0.5" S2="5.5"/>
    <color R="0.4" G="0.4" B="0.4"/>
  </light>
  <light>
    <position S0="1.5" S1="2.5" S2="1.5"/>
    <color R="0.3" G="0.3" B="0.5"/>
  </light>
  <light>
    <position S0="1.5" S1="2.5" S2="-1.5"/>
    <color R="0.5" G="0.3" B="0.3"/>
  </light>
  <light>
    <position S0="0" S1="3.5" S2="0"/>
    <color R="0.3" G="0.5" B="0.3"/>
  </light>

</scene>